{"cameraMode":{"drawMode":0,"name":"Shaded","section":"Shading Mode"},"sceneLighting":true,"audioPlay":false,"sceneViewState":{"m_AlwaysRefresh":false,"showFog":true,"showSkybox":true,"showFlares":true,"showImageEffects":true,"showParticleSystems":true,"showVisualEffectGraphs":true,"m_FxEnabled":true},"in2DMode":false,"pivot":{"x":2.6274664402008058,"y":2.983755588531494,"z":90.29895782470703},"rotation":{"x":0.014065164141356945,"y":0.07134027034044266,"z":0.0010074859019368888,"w":-0.9973580837249756},"size":6.210809707641602,"orthographic":false}