{"cameraMode":{"drawMode":0,"name":"Shaded","section":"Shading Mode"},"sceneLighting":false,"audioPlay":false,"sceneViewState":{"m_AlwaysRefresh":false,"showFog":true,"showSkybox":false,"showFlares":true,"showImageEffects":true,"showParticleSystems":true,"showVisualEffectGraphs":true,"m_FxEnabled":true},"in2DMode":false,"pivot":{"x":-1.891032338142395,"y":1.447468638420105,"z":-1.0597190856933594},"rotation":{"x":0.038087185472249988,"y":-0.017079131677746774,"z":-0.0006510999519377947,"w":-0.9991332292556763},"size":2.9420077800750734,"orthographic":false}