{"cameraMode":{"drawMode":0,"name":"Shaded","section":"Shading Mode"},"sceneLighting":false,"audioPlay":false,"sceneViewState":{"m_AlwaysRefresh":false,"showFog":true,"showSkybox":false,"showFlares":true,"showImageEffects":true,"showParticleSystems":true,"showVisualEffectGraphs":true,"m_FxEnabled":true},"in2DMode":false,"pivot":{"x":-26.81242561340332,"y":17.658161163330079,"z":-70.3858871459961},"rotation":{"x":0.038087185472249988,"y":-0.017079131677746774,"z":-0.0006510999519377947,"w":-0.9991332292556763},"size":0.14478647708892823,"orthographic":false}